Rating,Reviews,Brand,Product_Name,Price,Size,Category
4.5,98000.0,Minimalist,Salicylic Face Wash- - 100 ml,284,90-100 ML,face wash and cleanser
,,Aurrelis,Discovery Pack (6x8) 48ml,926,25-50 ML,perfume
4.6,18.0,BIRRA,Trulove EDP - 100 ml,1343,75-100 ML,perfume
4.4,15.0,BIRRA,Men Alden EDP - 105 ml,1121,100-150 ML,perfume
3.7,19.0,FLiCKA,Lipstick - Twinkle Twinkle 01,435,4-5 ML,lipstick
4.2,29.0,BIRRA,Men Acqua Eau De Parfum- 105ml,1343,100-150 ML,perfume
4.7,7.0,BIRRA,Men Dark Side EDP - 105 ml,1348,100-150 ML,perfume
4.4,668.0,OROSSENTIALS,Small Oval Wooden Hair Brush,432,Onesize,hair brush and comb
5.0,5.0,BIRRA,Glimpse EDP - 100 ml,1348,75-100 ML,perfume
,,BIRRA,Men Milano Max EDP - 120 ml,1088,100-150 ML,perfume
4.5,300.0,KAMA AYURVEDA,Sustain Unisex Cleansing Foam 100 ml,2295,90-100 ML,face wash and cleanser
,,Bhartiye Products,Structured Handheld Bag,750,Onesize,handbags
4.5,176.0,OXYLIFE,ProRadiance Pure Oxygen Facial,215,50-60 ML,facial kit
4.3,14500.0,WOW SKIN SCIENCE,Face Wash with Built-In Brush,298,125-150 ML,face wash and cleanser
,,THE 9192,Hair Oil Gel & Spider Wax,1161,Pack,hair gels and wax
4.4,29.0,Inatur,Natural Argan Oil - 30 ml,399,30-50 ML,massage oils
4.2,6800.0,Renee,Set Of 4 Very Matte Lipsticks,473,0-2 ML,lipstick
4.5,16900.0,Bio Oil,Specialist Skin Care Oil 60 ml,500,50-100 ML,massage oils
4.5,16900.0,Bio Oil,Specialist Skin Care Oil 125ml,965,100-150 ML,massage oils
4.5,1600.0,FAE BEAUTY,Lush Liquid Blush - Spicy 08,540,5-5.5 ML,blush
4.6,12.0,OXYLIFE,Pro White Facial with 2 Kajals,1251,260-280 ML,facial kit
4.3,8.0,TNW the natural wash,2 Pc Almond Oil & Rose Water,748,150-200 ML,massage oils
3.9,617.0,Renee,Lipstick - Queen Bee S06,414,3.5-4 ML,lipstick
,,THE 9192,Spider Wax & Mix Fruit Gel,738,Pack,hair gels and wax
,,THE 9192,Hair Comb Mix Fruit Hair Gel,286,100-150 ML,hair gels and wax
4.5,51700.0,Minimalist,Salicylic Acid Face Serum 10ml,236,0-10 ML,serum and gel
,,Earthan,4-Pcs Teapot and Cup,3500,Onesize,tea set
4.4,6700.0,Plum,Set of 3 Face Serum,1231,Pack,serum and gel
4.4,1100.0,Quench,Cica Pimple Acne Patches-24Pcs,254,Pack,mask and peel
4.7,821.0,MCaffeine,De-Tan Raspberry Gift Kit,850,400gm & Above,skin care combo
4.5,558.0,TNW the natural wash,Kumkumadi Face Toner - 100 ml,270,90-100 ML,toner
4.5,10100.0,LOreal Professionnel,XtensoCare Hair Serum- 50ml,795,30-50 ML,hair serum
,,KAZIMA,100% Pure & Natural Spikenard Essential Oil 15 ml,549,10-20 ML,massage oils
4.4,93.0,Satthwa,Cold Pressed Castor Oil- 200ml,249,150-200 ML,massage oils
4.5,4500.0,Olay,Total Effects Cleanser 100g,212,90-100 ML,face wash and cleanser
,,Oriflame Sweden,Clarifying Toning Solution,472,140-160 ML,toner
4.3,17.0,Lush Naturals,Set Of 3 Almond & Rose Soaps,580,300 Gram,soap
4.6,98500.0,Ponds,Activated Charcoal Face Wash,268,150-200 ML,face wash and cleanser
4.4,132.0,Soulflower,Kumkumadi Face Wash 100 ml,299,100-125 ML,face wash and cleanser
4.5,8.0,Oriflame,Oil Control Clay mask - 50 ml,418,40-50 ML,mask and peel
4.5,1400.0,Jovees,Cucumber Skin Toner 200 ml,276,200-220 ML,toner
,,Thalgo,Purete Marine Gel - 200 ml,3400,150-200 ML,face wash and cleanser
4.3,104.0,BAKE,De-Tan Sunscreen Spray,420,100-120 ML,face sunscreen
4.4,109.0,BRILLARE,Oil Away Face Wash-100ml,323,90-100 ML,face wash and cleanser
4.6,485.0,MCaffeine,Berry Cute Glow Kit,254,50-60 ML,skin care gift set
4.5,5700.0,Soulflower,Set of Shampoo & Hair Oil,900,Pack,hair care combo
4.5,16700.0,Garnier,Men Acno Fight Facewash,224,125-150gm,face wash and cleanser
4.6,51.0,Palmer's,Coconut Oil Body Oil 150 ml,557,150-200 ML,massage oils
4.6,228.0,Nourish Mantra,Mask Mini Trio Face Care Kit,750,30-40 ML,mask and peel
4.5,11100.0,Minimalist,B12 + Oat 6.5% Gentle Cleanser,284,100-125 ML,face wash and cleanser
4.5,98000.0,Minimalist,Salicylic Face Wash- - 100 ml,284,90-100 ML,face wash and cleanser
4.6,18.0,BIRRA,Trulove EDP - 100 ml,1343,75-100 ML,perfume
4.4,15.0,BIRRA,Men Alden EDP - 105 ml,1121,100-150 ML,perfume
,,Aurrelis,Discovery Pack (6x8) 48ml,926,25-50 ML,perfume
3.7,19.0,FLiCKA,Lipstick - Twinkle Twinkle 01,435,4-5 ML,lipstick
4.2,29.0,BIRRA,Men Acqua Eau De Parfum- 105ml,1343,100-150 ML,perfume
4.7,7.0,BIRRA,Men Dark Side EDP - 105 ml,1348,100-150 ML,perfume
4.4,668.0,OROSSENTIALS,Small Oval Wooden Hair Brush,432,Onesize,hair brush and comb
4.5,300.0,KAMA AYURVEDA,Sustain Unisex Cleansing Foam 100 ml,2295,90-100 ML,face wash and cleanser
5.0,5.0,BIRRA,Glimpse EDP - 100 ml,1348,75-100 ML,perfume
,,BIRRA,Men Milano Max EDP - 120 ml,1088,100-150 ML,perfume
4.3,14500.0,WOW SKIN SCIENCE,Face Wash with Built-In Brush,298,125-150 ML,face wash and cleanser
4.2,6800.0,Renee,Set Of 4 Very Matte Lipsticks,473,0-2 ML,lipstick
,,Bhartiye Products,Structured Handheld Bag,750,Onesize,handbags
4.5,176.0,OXYLIFE,ProRadiance Pure Oxygen Facial,215,50-60 ML,facial kit
4.5,1600.0,FAE BEAUTY,Lush Liquid Blush - Spicy 08,540,5-5.5 ML,blush
3.9,617.0,Renee,Lipstick - Queen Bee S06,414,3.5-4 ML,lipstick
,,THE 9192,Hair Oil Gel & Spider Wax,1161,Pack,hair gels and wax
4.4,29.0,Inatur,Natural Argan Oil - 30 ml,399,30-50 ML,massage oils
4.5,51700.0,Minimalist,Salicylic Acid Face Serum 10ml,236,0-10 ML,serum and gel
4.5,10100.0,LOreal Professionnel,XtensoCare Hair Serum- 50ml,795,30-50 ML,hair serum
4.5,16900.0,Bio Oil,Specialist Skin Care Oil 60 ml,500,50-100 ML,massage oils
4.5,16900.0,Bio Oil,Specialist Skin Care Oil 125ml,965,100-150 ML,massage oils
4.5,4500.0,Olay,Total Effects Cleanser 100g,212,90-100 ML,face wash and cleanser
4.6,98500.0,Ponds,Activated Charcoal Face Wash,268,150-200 ML,face wash and cleanser
4.6,12.0,OXYLIFE,Pro White Facial with 2 Kajals,1251,260-280 ML,facial kit
4.3,8.0,TNW the natural wash,2 Pc Almond Oil & Rose Water,748,150-200 ML,massage oils
4.5,1400.0,Jovees,Cucumber Skin Toner 200 ml,276,200-220 ML,toner
,,Thalgo,Purete Marine Gel - 200 ml,3400,150-200 ML,face wash and cleanser
,,THE 9192,Spider Wax & Mix Fruit Gel,738,Pack,hair gels and wax
,,THE 9192,Hair Comb Mix Fruit Hair Gel,286,100-150 ML,hair gels and wax
4.4,109.0,BRILLARE,Oil Away Face Wash-100ml,323,90-100 ML,face wash and cleanser
4.5,8.0,Oriflame,Oil Control Clay mask - 50 ml,418,40-50 ML,mask and peel
4.4,6700.0,Plum,Set of 3 Face Serum,1231,Pack,serum and gel
4.7,821.0,MCaffeine,De-Tan Raspberry Gift Kit,850,400gm & Above,skin care combo
4.5,16700.0,Garnier,Men Acno Fight Facewash,224,125-150gm,face wash and cleanser
4.5,11100.0,Minimalist,B12 + Oat 6.5% Gentle Cleanser,284,100-125 ML,face wash and cleanser
4.5,558.0,TNW the natural wash,Kumkumadi Face Toner - 100 ml,270,90-100 ML,toner
,,KAZIMA,100% Pure & Natural Spikenard Essential Oil 15 ml,549,10-20 ML,massage oils
4.4,467.0,Fix My Curls,Curl Quenching Flax Seed Gelly,638,180-200 ML,hair gels and wax
4.5,3000.0,Cetaphil,Bright Healthy Radiance Serum,871,0-10 ML,serum and gel
4.4,93.0,Satthwa,Cold Pressed Castor Oil- 200ml,249,150-200 ML,massage oils
,,Oriflame Sweden,Clarifying Toning Solution,472,140-160 ML,toner
4.0,927.0,The Wellness Shop,Best Bikini Wax,378,90-100gm,body wax and essentials
4.6,6200.0,Pilgrim,Alcohol-Free Face Mist & Toner,204,75-100 ML,toner
4.3,17.0,Lush Naturals,Set Of 3 Almond & Rose Soaps,580,300 Gram,soap
4.4,132.0,Soulflower,Kumkumadi Face Wash 100 ml,299,100-125 ML,face wash and cleanser
4.4,230400.0,Maybelline,660 Touch Of Spice Lipstick,246,3.5-4 ML,lipstick
4.4,1100.0,Quench,Cica Pimple Acne Patches-24Pcs,254,Pack,mask and peel
,,Earthan,4-Pcs Teapot and Cup,3500,Onesize,tea set
4.6,18.0,BIRRA,Trulove EDP - 100 ml,1343,75-100 ML,perfume
4.5,98000.0,Minimalist,Salicylic Face Wash- - 100 ml,284,90-100 ML,face wash and cleanser
,,Aurrelis,Discovery Pack (6x8) 48ml,926,25-50 ML,perfume
4.4,15.0,BIRRA,Men Alden EDP - 105 ml,1121,100-150 ML,perfume
4.2,29.0,BIRRA,Men Acqua Eau De Parfum- 105ml,1343,100-150 ML,perfume
3.7,19.0,FLiCKA,Lipstick - Twinkle Twinkle 01,435,4-5 ML,lipstick
4.4,668.0,OROSSENTIALS,Small Oval Wooden Hair Brush,432,Onesize,hair brush and comb
4.7,7.0,BIRRA,Men Dark Side EDP - 105 ml,1348,100-150 ML,perfume
5.0,5.0,BIRRA,Glimpse EDP - 100 ml,1348,75-100 ML,perfume
4.5,300.0,KAMA AYURVEDA,Sustain Unisex Cleansing Foam 100 ml,2295,90-100 ML,face wash and cleanser
4.3,14500.0,WOW SKIN SCIENCE,Face Wash with Built-In Brush,298,125-150 ML,face wash and cleanser
,,BIRRA,Men Milano Max EDP - 120 ml,1088,100-150 ML,perfume
,,Bhartiye Products,Structured Handheld Bag,750,Onesize,handbags
4.2,6800.0,Renee,Set Of 4 Very Matte Lipsticks,473,0-2 ML,lipstick
4.5,1600.0,FAE BEAUTY,Lush Liquid Blush - Spicy 08,540,5-5.5 ML,blush
4.5,176.0,OXYLIFE,ProRadiance Pure Oxygen Facial,215,50-60 ML,facial kit
,,THE 9192,Hair Oil Gel & Spider Wax,1161,Pack,hair gels and wax
3.9,617.0,Renee,Lipstick - Queen Bee S06,414,3.5-4 ML,lipstick
4.5,51700.0,Minimalist,Salicylic Acid Face Serum 10ml,236,0-10 ML,serum and gel
4.4,29.0,Inatur,Natural Argan Oil - 30 ml,399,30-50 ML,massage oils
4.5,16900.0,Bio Oil,Specialist Skin Care Oil 60 ml,500,50-100 ML,massage oils
4.5,10100.0,LOreal Professionnel,XtensoCare Hair Serum- 50ml,795,30-50 ML,hair serum
4.5,16900.0,Bio Oil,Specialist Skin Care Oil 125ml,965,100-150 ML,massage oils
4.6,12.0,OXYLIFE,Pro White Facial with 2 Kajals,1251,260-280 ML,facial kit
4.5,4500.0,Olay,Total Effects Cleanser 100g,212,90-100 ML,face wash and cleanser
4.3,8.0,TNW the natural wash,2 Pc Almond Oil & Rose Water,748,150-200 ML,massage oils
,,THE 9192,Spider Wax & Mix Fruit Gel,738,Pack,hair gels and wax
4.6,98500.0,Ponds,Activated Charcoal Face Wash,268,150-200 ML,face wash and cleanser
,,THE 9192,Hair Comb Mix Fruit Hair Gel,286,100-150 ML,hair gels and wax
4.4,6700.0,Plum,Set of 3 Face Serum,1231,Pack,serum and gel
4.5,1400.0,Jovees,Cucumber Skin Toner 200 ml,276,200-220 ML,toner
4.7,821.0,MCaffeine,De-Tan Raspberry Gift Kit,850,400gm & Above,skin care combo
4.5,558.0,TNW the natural wash,Kumkumadi Face Toner - 100 ml,270,90-100 ML,toner
,,Thalgo,Purete Marine Gel - 200 ml,3400,150-200 ML,face wash and cleanser
,,KAZIMA,100% Pure & Natural Spikenard Essential Oil 15 ml,549,10-20 ML,massage oils
4.4,93.0,Satthwa,Cold Pressed Castor Oil- 200ml,249,150-200 ML,massage oils
4.4,109.0,BRILLARE,Oil Away Face Wash-100ml,323,90-100 ML,face wash and cleanser
,,Oriflame Sweden,Clarifying Toning Solution,472,140-160 ML,toner
4.3,17.0,Lush Naturals,Set Of 3 Almond & Rose Soaps,580,300 Gram,soap
4.5,16700.0,Garnier,Men Acno Fight Facewash,224,125-150gm,face wash and cleanser
4.5,8.0,Oriflame,Oil Control Clay mask - 50 ml,418,40-50 ML,mask and peel
4.4,132.0,Soulflower,Kumkumadi Face Wash 100 ml,299,100-125 ML,face wash and cleanser
4.5,11100.0,Minimalist,B12 + Oat 6.5% Gentle Cleanser,284,100-125 ML,face wash and cleanser
4.3,104.0,BAKE,De-Tan Sunscreen Spray,420,100-120 ML,face sunscreen
4.6,485.0,MCaffeine,Berry Cute Glow Kit,254,50-60 ML,skin care gift set
4.4,467.0,Fix My Curls,Curl Quenching Flax Seed Gelly,638,180-200 ML,hair gels and wax
4.5,5700.0,Soulflower,Set of Shampoo & Hair Oil,900,Pack,hair care combo
4.6,51.0,Palmer's,Coconut Oil Body Oil 150 ml,557,150-200 ML,massage oils
4.4,1100.0,Quench,Cica Pimple Acne Patches-24Pcs,254,Pack,mask and peel
,,Earthan,4-Pcs Teapot and Cup,3500,Onesize,tea set
4.6,18.0,BIRRA,Trulove EDP - 100 ml,1343,75-100 ML,perfume
4.5,98000.0,Minimalist,Salicylic Face Wash- - 100 ml,284,90-100 ML,face wash and cleanser
4.4,15.0,BIRRA,Men Alden EDP - 105 ml,1121,100-150 ML,perfume
4.2,29.0,BIRRA,Men Acqua Eau De Parfum- 105ml,1343,100-150 ML,perfume
,,Aurrelis,Discovery Pack (6x8) 48ml,926,25-50 ML,perfume
4.7,7.0,BIRRA,Men Dark Side EDP - 105 ml,1348,100-150 ML,perfume
5.0,5.0,BIRRA,Glimpse EDP - 100 ml,1348,75-100 ML,perfume
3.7,19.0,FLiCKA,Lipstick - Twinkle Twinkle 01,435,4-5 ML,lipstick
,,BIRRA,Men Milano Max EDP - 120 ml,1088,100-150 ML,perfume
,,Bhartiye Products,Structured Handheld Bag,750,Onesize,handbags
4.4,668.0,OROSSENTIALS,Small Oval Wooden Hair Brush,432,Onesize,hair brush and comb
4.5,176.0,OXYLIFE,ProRadiance Pure Oxygen Facial,215,50-60 ML,facial kit
,,THE 9192,Hair Oil Gel & Spider Wax,1161,Pack,hair gels and wax
4.5,300.0,KAMA AYURVEDA,Sustain Unisex Cleansing Foam 100 ml,2295,90-100 ML,face wash and cleanser
4.4,29.0,Inatur,Natural Argan Oil - 30 ml,399,30-50 ML,massage oils
4.5,16900.0,Bio Oil,Specialist Skin Care Oil 60 ml,500,50-100 ML,massage oils
4.3,14500.0,WOW SKIN SCIENCE,Face Wash with Built-In Brush,298,125-150 ML,face wash and cleanser
4.5,16900.0,Bio Oil,Specialist Skin Care Oil 125ml,965,100-150 ML,massage oils
4.6,12.0,OXYLIFE,Pro White Facial with 2 Kajals,1251,260-280 ML,facial kit
4.2,6800.0,Renee,Set Of 4 Very Matte Lipsticks,473,0-2 ML,lipstick
4.3,8.0,TNW the natural wash,2 Pc Almond Oil & Rose Water,748,150-200 ML,massage oils
,,THE 9192,Spider Wax & Mix Fruit Gel,738,Pack,hair gels and wax
4.5,1600.0,FAE BEAUTY,Lush Liquid Blush - Spicy 08,540,5-5.5 ML,blush
,,THE 9192,Hair Comb Mix Fruit Hair Gel,286,100-150 ML,hair gels and wax
4.4,6700.0,Plum,Set of 3 Face Serum,1231,Pack,serum and gel
3.9,617.0,Renee,Lipstick - Queen Bee S06,414,3.5-4 ML,lipstick
4.7,821.0,MCaffeine,De-Tan Raspberry Gift Kit,850,400gm & Above,skin care combo
4.5,558.0,TNW the natural wash,Kumkumadi Face Toner - 100 ml,270,90-100 ML,toner
4.5,51700.0,Minimalist,Salicylic Acid Face Serum 10ml,236,0-10 ML,serum and gel
,,KAZIMA,100% Pure & Natural Spikenard Essential Oil 15 ml,549,10-20 ML,massage oils
4.4,93.0,Satthwa,Cold Pressed Castor Oil- 200ml,249,150-200 ML,massage oils
4.5,10100.0,LOreal Professionnel,XtensoCare Hair Serum- 50ml,795,30-50 ML,hair serum
,,Oriflame Sweden,Clarifying Toning Solution,472,140-160 ML,toner
4.3,17.0,Lush Naturals,Set Of 3 Almond & Rose Soaps,580,300 Gram,soap
4.5,4500.0,Olay,Total Effects Cleanser 100g,212,90-100 ML,face wash and cleanser
4.5,8.0,Oriflame,Oil Control Clay mask - 50 ml,418,40-50 ML,mask and peel
4.4,132.0,Soulflower,Kumkumadi Face Wash 100 ml,299,100-125 ML,face wash and cleanser
4.6,98500.0,Ponds,Activated Charcoal Face Wash,268,150-200 ML,face wash and cleanser
,,Thalgo,Purete Marine Gel - 200 ml,3400,150-200 ML,face wash and cleanser
4.3,104.0,BAKE,De-Tan Sunscreen Spray,420,100-120 ML,face sunscreen
4.5,1400.0,Jovees,Cucumber Skin Toner 200 ml,276,200-220 ML,toner
4.6,485.0,MCaffeine,Berry Cute Glow Kit,254,50-60 ML,skin care gift set
4.5,5700.0,Soulflower,Set of Shampoo & Hair Oil,900,Pack,hair care combo
4.4,109.0,BRILLARE,Oil Away Face Wash-100ml,323,90-100 ML,face wash and cleanser
4.6,51.0,Palmer's,Coconut Oil Body Oil 150 ml,557,150-200 ML,massage oils
4.6,228.0,Nourish Mantra,Mask Mini Trio Face Care Kit,750,30-40 ML,mask and peel
4.5,16700.0,Garnier,Men Acno Fight Facewash,224,125-150gm,face wash and cleanser
,,Earthan,4-Pcs Teapot and Cup,3500,Onesize,tea set
4.4,1100.0,Quench,Cica Pimple Acne Patches-24Pcs,254,Pack,mask and peel
4.5,11100.0,Minimalist,B12 + Oat 6.5% Gentle Cleanser,284,100-125 ML,face wash and cleanser
,,ZAROON PRODUCTION,Ribbed Crop Top,270,S,tops
4.2,10.0,ZAROON PRODUCTION,SLEEVELESS COLLAR TOP,259,XS,tops
4.5,98000.0,Minimalist,Salicylic Face Wash- - 100 ml,284,90-100 ML,face wash and cleanser
,,ZAROON PRODUCTION,HALF SLEEVES LINING CROP TOP,270,XS,tops
,,Oshea Herbals,Pack of 2 Fairness Face Wash,297,Onesize,face wash and cleanser
,,Aurrelis,Discovery Pack (6x8) 48ml,926,25-50 ML,perfume
4.4,23.0,THE SOUMI'S CAN PRODUCT,2Pcs Young Plus Face Wash,227,150-200 ML,face wash and cleanser
4.3,89.0,TNW the natural wash,Kumkumadi Foaming Face Wash,351,90-100 ML,face wash and cleanser
3.7,19.0,FLiCKA,Lipstick - Twinkle Twinkle 01,435,4-5 ML,lipstick
,,Bhartiye Products,Structured Handheld Bag,750,Onesize,handbags
4.5,24400.0,Ponds,Anti-Pigmentation Serum 15ml,177,10-20 ML,serum and gel
4.4,668.0,OROSSENTIALS,Small Oval Wooden Hair Brush,432,Onesize,hair brush and comb
4.3,2600.0,Nourish Mantra,Hair Finishing Stick - 12 ml,299,0-30 ML,hair gels and wax
4.4,58.0,FoxTale,Retinol Serum + Sunscreen Duo,820,70-80 ML,skin care gift set
4.5,300.0,KAMA AYURVEDA,Sustain Unisex Cleansing Foam 100 ml,2295,90-100 ML,face wash and cleanser
4.7,24.0,THE SOUMI'S CAN PRODUCT,2Pcs Faire 30 Sunscreen Lotion,378,150-200 ML,body sunscreen
4.7,25.0,THE SOUMI'S CAN PRODUCT,Sunscreen Lotion & Powder-75ml,265,70-80 ML,skin care combo
4.3,14500.0,WOW SKIN SCIENCE,Face Wash with Built-In Brush,298,125-150 ML,face wash and cleanser
4.3,19.0,THE SOUMI'S CAN PRODUCT,2 Pcs Night Repair Cream,382,75-100 ML,night cream
4.2,51.0,Tuco,Peel-Off Nail Color - 5 ml,125,0-5 ML,nail polish
4.2,6800.0,Renee,Set Of 4 Very Matte Lipsticks,473,0-2 ML,lipstick
4.0,21.0,BAKE,Everyday Sunscreen - 200 ml,449,200 ML and Above,body sunscreen
,,ZAROON PRODUCTION,HALF SLEEVES LINING COLLAR TOP,270,XS,tops
4.5,1600.0,FAE BEAUTY,Lush Liquid Blush - Spicy 08,540,5-5.5 ML,blush
4.3,10.0,ZAROON PRODUCTION,RIBBED SLIVLESS COLLAR TOP,270,S,tops
3.9,41.0,Tuco,Peel-Off Nail Color - 5 ml,125,0-5 ML,nail polish
3.9,617.0,Renee,Lipstick - Queen Bee S06,414,3.5-4 ML,lipstick
,,ZAROON PRODUCTION,Ribbed Crop Top,270,XS,tops
4.4,47.0,Inatur,De-Tan 3 in 1 Mask,435,150-200 ML,face scrub and exfoliator
4.5,51700.0,Minimalist,Salicylic Acid Face Serum 10ml,236,0-10 ML,serum and gel
4.6,28.0,LOVE EARTH,Ayurvedic Moisturizing Cream,450,40-50 ML,day cream
4.4,9.0,Khadi Organique,Set of 4 Rosewater Soap,396,M,soap
4.4,1100.0,Quench,Cica Pimple Acne Patches-24Pcs,254,Pack,mask and peel
4.6,794.0,TNW the natural wash,Set of 2 Vitamin C Face Wash,481,Pack,face wash and cleanser
,,Rahul Phate Research Product,Ulti-Care hand-n-Body lotion,399,Pack,body cream and lotion
4.5,10100.0,LOreal Professionnel,XtensoCare Hair Serum- 50ml,795,30-50 ML,hair serum
4.8,16.0,THE SOUMI'S CAN PRODUCT,2-Pcs Fresh Face Pack,170,240-280gm,mask and peel
3.8,6.0,Tuco,Peel-Off Nail Color - 5 ml,125,0-5 ML,nail polish
4.5,4500.0,Olay,Total Effects Cleanser 100g,212,90-100 ML,face wash and cleanser
,,ZAROON PRODUCTION,HALF SLEEVES LINING COLLAR TOP,270,L,tops
4.3,9.0,THE SOUMI'S CAN PRODUCT,Hair Shampoo & Conditioner,271,360-380 ML,hair care combo
4.6,98500.0,Ponds,Activated Charcoal Face Wash,268,150-200 ML,face wash and cleanser
,,Clinique,Hydrators Skincare Set,5800,100-120 ML,skin care combo
,,Chantecaille,Rose de Mai Cleansing Balm,7200,50-90 ML,face wash and cleanser
4.5,1400.0,Jovees,Cucumber Skin Toner 200 ml,276,200-220 ML,toner
,,Clinique,Mini 3-Step Kit For Dry Skin,2100,100-120 ML,skin care combo
4.6,10.0,Rovectin,Vita Dark Spot Serum 30ml,2518,20-30 ML,serum and gel
,,Thalgo,Purete Marine Gel - 200 ml,3400,150-200 ML,face wash and cleanser
,,DC PRODUCTION,Floral Saree,1299,M,sarees
,,VEGAL,Striped Nightdress,852,M,nightdress
4.5,98000.0,Minimalist,Salicylic Face Wash- - 100 ml,284,90-100 ML,face wash and cleanser
,,akind,Sleep Tight Firming Serum 30ml,718,20-30 ML,serum and gel
,,Radhe Products,Women Wool Shawl,662,Onesize,shawl
,,Aurrelis,Discovery Pack (6x8) 48ml,926,25-50 ML,perfume
,,Pik Product,Set Of 2 Attar - 6 ml Each,205,Onesize,attar
,,ZAROON PRODUCTION,Brown Ribbed Bodysuit,300,XXS,tops
3.7,19.0,FLiCKA,Lipstick - Twinkle Twinkle 01,435,4-5 ML,lipstick
3.6,12.0,ZAROON PRODUCTION,Pink Ribbed High Neck Top,295,L,tops
4.2,5.0,Rahul Phate Research Product,Hydra-Aqua Brightening Gel 50g,575,200-250gm,serum and gel
4.4,668.0,OROSSENTIALS,Small Oval Wooden Hair Brush,432,Onesize,hair brush and comb
,,Bhartiye Products,Structured Handheld Bag,750,Onesize,handbags
4.4,379.0,Soulflower,Set of Face Wash & Shampoo,700,Pack,shampoo
4.5,300.0,KAMA AYURVEDA,Sustain Unisex Cleansing Foam 100 ml,2295,90-100 ML,face wash and cleanser
,,ZAROON PRODUCTION,Ribbed Crop Top,270,L,tops
3.9,9.0,ZAROON PRODUCTION,Cotton Crop Top,270,XS,tops
4.3,14500.0,WOW SKIN SCIENCE,Face Wash with Built-In Brush,298,125-150 ML,face wash and cleanser
,,ZAROON PRODUCTION,HALF SLEEVES LINING CROP TOP,263,XS,tops
4.5,27.0,THE SOUMI'S CAN PRODUCT,Set of 2 Active Face Pack,170,240-280gm,mask and peel
4.2,6800.0,Renee,Set Of 4 Very Matte Lipsticks,473,0-2 ML,lipstick
,,DONATO STYLING PRODUCTS,Oud Bianco EDP -10 ml,500,0-25 ML,perfume
4.1,7.0,ZAROON PRODUCTION,COLLAR TOP FOR WOMEN,247,M,tops
4.5,1600.0,FAE BEAUTY,Lush Liquid Blush - Spicy 08,540,5-5.5 ML,blush
,,Radhe Products,Women Wool Shawl,494,Onesize,shawl
,,Radhe Products,Women Wool Shawl,483,Onesize,shawl
3.9,617.0,Renee,Lipstick - Queen Bee S06,414,3.5-4 ML,lipstick
4.0,8.0,THE SOUMI'S CAN PRODUCT,Scrubber & Serum Combo,471,400 ML & Above,skin care combo
,,Rahul Phate Research Product,Absolute Repair  Hair Serum,450,Pack,hair serum
4.5,51700.0,Minimalist,Salicylic Acid Face Serum 10ml,236,0-10 ML,serum and gel
,,Rahul Phate Research Product,Strength-N-Shine Hair Serum,450,Pack,hair serum
,,ZAROON PRODUCTION,Red High Neck Top,403,XS,tops
4.4,1100.0,Quench,Cica Pimple Acne Patches-24Pcs,254,Pack,mask and peel
,,NATURAL HEALTH & HERBAL PRODUCTS,Hair Color- 50 g- Brown,399,50-100gm,hair colour
4.6,18.0,Medimade,Vitamin C Face Scrub - 30g,133,20-50 ML,face scrub and exfoliator
4.5,10100.0,LOreal Professionnel,XtensoCare Hair Serum- 50ml,795,30-50 ML,hair serum
4.3,20.0,THE SOUMI'S CAN PRODUCT,2 Pcs Anti Wrinkle Cream,377,75-100 ML,night cream
,,DERMA KR,10% Niacinamide Serum 15 ml,349,20-30 ML,serum and gel
4.5,4500.0,Olay,Total Effects Cleanser 100g,212,90-100 ML,face wash and cleanser
,,ZAROON PRODUCTION,Casual Ribbed Tank,335,S,tops
,,Passion Indulge,Grape Seed Carrier Oil 60 ml,334,50-100 ML,massage oils
4.6,98500.0,Ponds,Activated Charcoal Face Wash,268,150-200 ML,face wash and cleanser
,,Pik Product,Oudh Attar - 6 ml,165,Onesize,attar
,,Adbeni,Compact Powder - 9 g,328,20-30gm,compact
4.5,1400.0,Jovees,Cucumber Skin Toner 200 ml,276,200-220 ML,toner
,,ZAROON PRODUCTION,Ribbed High Neck Bodysuit,307,S,tops
,,ZAROON PRODUCTION,RIBBED HIGHNECK BODYSUIT,305,XXS,tops
,,Thalgo,Purete Marine Gel - 200 ml,3400,150-200 ML,face wash and cleanser
4.6,5.0,THE SOUMI'S CAN PRODUCT,Scrubber & Face Wash- 450ml,301,400 ML & Above,skin care combo
,,ZAROON PRODUCTION,Ribbed Bodysuit,300,XXS,tops
4.4,109.0,BRILLARE,Oil Away Face Wash-100ml,323,90-100 ML,face wash and cleanser
4.6,28.0,OGX,Coconut Milk Conditioner,320,80-90 ML,conditioner
,,Pik Product,Set Of 2 Attar - 6 ml Each,205,Onesize,attar
4.5,98000.0,Minimalist,Salicylic Face Wash- - 100 ml,284,90-100 ML,face wash and cleanser
,,MasKing,Set of 2 Facial Sheet Masks,159,Pack,mask and peel
,,ZAROON PRODUCTION,High Neck Ribbed Top,394,XS,tops
,,Aurrelis,Discovery Pack (6x8) 48ml,926,25-50 ML,perfume
4.3,10.0,ZAROON PRODUCTION,RIBBED SLIVLESS COLLAR TOP,270,XS,tops
,,ZAROON PRODUCTION,RIBBED BARFI SHRUG,289,L,tops
3.7,19.0,FLiCKA,Lipstick - Twinkle Twinkle 01,435,4-5 ML,lipstick
,,ZAROON PRODUCTION,Lavender Crop Top,270,S,tops
,,Bhartiye Products,Structured Handheld Bag,750,Onesize,handbags
4.4,668.0,OROSSENTIALS,Small Oval Wooden Hair Brush,432,Onesize,hair brush and comb
,,ZAROON PRODUCTION,Ribbed V-Neck Top,295,L,tops
,,ZAROON PRODUCTION,Brown V-Neck Top,295,XS,tops
4.5,300.0,KAMA AYURVEDA,Sustain Unisex Cleansing Foam 100 ml,2295,90-100 ML,face wash and cleanser
3.4,5.0,ZAROON PRODUCTION,Pink Ribbed Crop Top,270,XXS,tops
3.4,5.0,ZAROON PRODUCTION,Red Ribbed Crop Top,270,S,tops
4.3,14500.0,WOW SKIN SCIENCE,Face Wash with Built-In Brush,298,125-150 ML,face wash and cleanser
3.4,5.0,ZAROON PRODUCTION,Ribbed Crop Top,276,XS,tops
,,ZAROON PRODUCTION,HALF SLEEVES LINING COLLAR TOP,258,XS,tops
4.2,6800.0,Renee,Set Of 4 Very Matte Lipsticks,473,0-2 ML,lipstick
4.2,10.0,ZAROON PRODUCTION,SLEEVELESS COLLAR TOP,270,XS,tops
,,ZAROON PRODUCTION,SLEEVELESS COLLAR TOP,276,XS,tops
4.5,1600.0,FAE BEAUTY,Lush Liquid Blush - Spicy 08,540,5-5.5 ML,blush
,,Thalgo,Velvet Cleansing Milk -200 ml,2700,150-200 ML,face wash and cleanser
,,Thalgo,Cleansing Gel - 150 ml,2800,150-200 ML,face wash and cleanser
3.9,617.0,Renee,Lipstick - Queen Bee S06,414,3.5-4 ML,lipstick
,,ZAROON PRODUCTION,Ribbed Bodysuit,305,S,tops
,,ZAROON PRODUCTION,Stylish Ribbed Tank,335,M,tops
4.5,51700.0,Minimalist,Salicylic Acid Face Serum 10ml,236,0-10 ML,serum and gel
,,ZAROON PRODUCTION,Casual Ribbed Top,335,XS,tops
,,ZAROON PRODUCTION,Ribbed Henley Top,343,L,tops
4.4,1100.0,Quench,Cica Pimple Acne Patches-24Pcs,254,Pack,mask and peel
,,ZAROON PRODUCTION,Casual Ribbed Tank,335,XS,tops
,,ZAROON PRODUCTION,TRENDY  RIBBED TOP,335,M,tops
4.5,10100.0,LOreal Professionnel,XtensoCare Hair Serum- 50ml,795,30-50 ML,hair serum
,,ZAROON PRODUCTION,Ribbed Sleeveless Top,335,XS,tops
,,ZAROON PRODUCTION,TRENDY  RIBBED TOP,335,M,tops
4.5,4500.0,Olay,Total Effects Cleanser 100g,212,90-100 ML,face wash and cleanser
,,ZAROON PRODUCTION,TRENDY  RIBBED TOP,318,S,tops
,,Vrishvrindaa,Face Cleanser 100ml,383,90-100 ML,face wash and cleanser
4.6,98500.0,Ponds,Activated Charcoal Face Wash,268,150-200 ML,face wash and cleanser
,,Natural and Herbal Products,Natural Black Hair Powder-100g,399,100-150gm,hair colour
,,Natural and Herbal Products,Natural Hair Dye Powder-100g,399,100-150gm,hair colour
4.5,1400.0,Jovees,Cucumber Skin Toner 200 ml,276,200-220 ML,toner
,,Natural and Herbal Products,Natural Hair Dye Powder-100g,399,100-150gm,hair colour
,,Natural and Herbal Products,Natural Hair Dye Powder-100g,399,100-150gm,hair colour
,,Thalgo,Purete Marine Gel - 200 ml,3400,150-200 ML,face wash and cleanser
,,Natural and Herbal Products,Natural Hair Dye Powder-100g,399,100-150gm,hair colour
,,Natural and Herbal Products,Natural Hair Dye Powder-100g,399,100-150gm,hair colour
4.4,109.0,BRILLARE,Oil Away Face Wash-100ml,323,90-100 ML,face wash and cleanser
,,Radhe Products,Women Wool Shawl,483,Onesize,shawl
,,Radhe Products,Women Wool Shawl,483,Onesize,shawl
4.5,98000.0,Minimalist,Salicylic Face Wash- - 100 ml,284,90-100 ML,face wash and cleanser
,,Radhe Products,Women Wool Shawl,483,Onesize,shawl
,,Radhe Products,Women Wool Shawl,483,Onesize,shawl
,,Aurrelis,Discovery Pack (6x8) 48ml,926,25-50 ML,perfume
,,Radhe Products,Women Wool Shawl,645,Onesize,shawl
,,Radhe Products,Women Wool Shawl,483,Onesize,shawl
3.7,19.0,FLiCKA,Lipstick - Twinkle Twinkle 01,435,4-5 ML,lipstick
,,Bhartiye Products,Structured Handheld Bag,750,Onesize,handbags
,,Radhe Products,Women Wool Shawl,494,Onesize,shawl
4.4,668.0,OROSSENTIALS,Small Oval Wooden Hair Brush,432,Onesize,hair brush and comb
,,Radhe Products,Women Wool Shawl,483,Onesize,shawl
,,Radhe Products,Women Wool Shawl,494,Onesize,shawl
4.5,300.0,KAMA AYURVEDA,Sustain Unisex Cleansing Foam 100 ml,2295,90-100 ML,face wash and cleanser
,,Radhe Products,Women Wool Shawl,483,Onesize,shawl
,,Radhe Products,Women Wool Shawl,645,Onesize,shawl
4.3,14500.0,WOW SKIN SCIENCE,Face Wash with Built-In Brush,298,125-150 ML,face wash and cleanser
,,Radhe Products,Women Wool Shawl,483,Onesize,shawl
,,Radhe Products,Women Wool Shawl,483,Onesize,shawl
4.2,6800.0,Renee,Set Of 4 Very Matte Lipsticks,473,0-2 ML,lipstick
,,ELITO PRODUCTS,Printed Washing Machine Cover,452,XL,appliance covers
,,ELITO PRODUCTS,Printed Washing Machine Cover,452,XL,appliance covers
4.5,1600.0,FAE BEAUTY,Lush Liquid Blush - Spicy 08,540,5-5.5 ML,blush
,,ELITO PRODUCTS,Printed Washing Machine Cover,452,XL,appliance covers
,,ELITO PRODUCTS,Printed Washing Machine Cover,452,XL,appliance covers
3.9,617.0,Renee,Lipstick - Queen Bee S06,414,3.5-4 ML,lipstick
,,ELITO PRODUCTS,Printed Washing Machine Cover,452,M,appliance covers
,,ELITO PRODUCTS,Printed Washing Machine Cover,452,M,appliance covers
4.5,51700.0,Minimalist,Salicylic Acid Face Serum 10ml,236,0-10 ML,serum and gel
,,ELITO PRODUCTS,Printed Washing Machine Cover,452,M,appliance covers
,,ELITO PRODUCTS,Printed Washing Machine Cover,452,M,appliance covers
4.4,1100.0,Quench,Cica Pimple Acne Patches-24Pcs,254,Pack,mask and peel
,,Seboncare,2Pcs Serum - 20 ml Each,385,10-20 ML,serum and gel
,,Seboncare,2Pcs 24K Gold Serum 20 ml Each,385,10-20 ML,serum and gel
4.5,10100.0,LOreal Professionnel,XtensoCare Hair Serum- 50ml,795,30-50 ML,hair serum
,,Clinique,High Impact Serum - 3ml,5150,0-5 ML,mascara
,,PARWATI GRAMUDYOG HERBAL PRODUCTS,Set Of 2 Face Serum 30 ml,798,Pack,serum and gel
4.5,4500.0,Olay,Total Effects Cleanser 100g,212,90-100 ML,face wash and cleanser
,,Kora Organics,Kakadu Plum Vitamin C Serum,2800,0-10 ML,serum and gel
,,Kora Organics,Kakadu Plum Vitamin C Serum,7200,20-30 ML,serum and gel
4.6,98500.0,Ponds,Activated Charcoal Face Wash,268,150-200 ML,face wash and cleanser
,,NATURAL HEALTH & HERBAL PRODUCTS,Handmade Lip Balm- 8 g,399,6-8gm,lip balm
,,NATURAL HEALTH & HERBAL PRODUCTS,Lip Balm- 8 g- Watermelon,399,6-8gm,lip balm
4.5,1400.0,Jovees,Cucumber Skin Toner 200 ml,276,200-220 ML,toner
,,NATURAL HEALTH & HERBAL PRODUCTS,Lip Balm- 8 g- Strawberry,399,6-8gm,lip balm
,,Natural Health Products,Strawberry Lip Balm - 8 g,399,6-8gm,lip balm
,,Thalgo,Purete Marine Gel - 200 ml,3400,150-200 ML,face wash and cleanser
,,Natural Health Products,Water-Melon Lip Balm - 8 g,399,6-8gm,lip balm
,,Natural Health Products,Indigo Powder Color - 200 g,248,150-200gm,hair colour
4.5,98000.0,Minimalist,Salicylic Face Wash- - 100 ml,284,90-100 ML,face wash and cleanser
,,Adbeni,Matte Compact Powder - 20 g,328,20-30gm,compact
,,VaYou,Botanic Balance Face Scrub,628,80-100gm,face scrub and exfoliator
,,Aurrelis,Discovery Pack (6x8) 48ml,926,25-50 ML,perfume
,,DERMA KR,10% Niacinamide Serum - 30 ml,625,30-40 ML,serum and gel
,,COSMO HUB,Glow Snail Mist- 50 ml,1774,50-75 ML,face mist
3.7,19.0,FLiCKA,Lipstick - Twinkle Twinkle 01,435,4-5 ML,lipstick
,,Organifly Living Products,Square Cushion Covers,499,"16""X16""",cushion covers
,,Organifly Living Products,Printed Cushion Cover,499,"16""X16""",cushion covers
4.4,668.0,OROSSENTIALS,Small Oval Wooden Hair Brush,432,Onesize,hair brush and comb
,,Bhartiye Products,Structured Handheld Bag,750,Onesize,handbags
,,Organifly Living Products,Printed Square Cushion Cover,499,"16""X16""",cushion covers
4.5,300.0,KAMA AYURVEDA,Sustain Unisex Cleansing Foam 100 ml,2295,90-100 ML,face wash and cleanser
,,Organifly Living Products,Square Cushion Covers,499,"16""X16""",cushion covers
,,Organifly Living Products,Printed Square Cushion Cover,499,"16""X16""",cushion covers
4.3,14500.0,WOW SKIN SCIENCE,Face Wash with Built-In Brush,298,125-150 ML,face wash and cleanser
,,Organifly Living Products,Printed Square Cushion Cover,499,"16""X16""",cushion covers
,,Organifly Living Products,Square Cushion Cover,499,"16""X16""",cushion covers
4.2,6800.0,Renee,Set Of 4 Very Matte Lipsticks,473,0-2 ML,lipstick
,,Organifly Living Products,Set of 2 Square Cushion Covers,798,"16""X16""",cushion covers
,,Organifly Living Products,Square Cushion Covers,499,"16""X16""",cushion covers
4.5,1600.0,FAE BEAUTY,Lush Liquid Blush - Spicy 08,540,5-5.5 ML,blush
,,Organifly Living Products,Printed Square Cushion Cover,499,"16""X16""",cushion covers
,,Organifly Living Products,Polyester Square Cushion Covers,599,"12""X12""",cushion covers
3.9,617.0,Renee,Lipstick - Queen Bee S06,414,3.5-4 ML,lipstick
,,Jivada,Clarifying Face Cleanser 100ml,583,90-100 ML,face wash and cleanser
,,MySmile,Red Onion Shampoo - 200 ml,399,100-150 ML,shampoo
4.5,51700.0,Minimalist,Salicylic Acid Face Serum 10ml,236,0-10 ML,serum and gel
,,MEDHZ,Oily Skin Cleanser- 100 ml,840,90-100 ML,face wash and cleanser
,,FORESTREE,Fenugreek Seed Powder - 100 g,385,90-100gm,mask and peel
4.4,1100.0,Quench,Cica Pimple Acne Patches-24Pcs,254,Pack,mask and peel
,,Ancient Living Products Pvt Ltd,Ashta Dasa Hair Oil- 200 ml,975,200ML,hair oil
,,Radium,Pro Keratin Shampoo - 300 ml,499,280-300 ML,shampoo
4.5,10100.0,LOreal Professionnel,XtensoCare Hair Serum- 50ml,795,30-50 ML,hair serum
4.2,5.0,GLISNA,2-Pcs Ayur Lepa Face Pack,500,70-80gm,mask and peel
,,SIMREE,Am & Pm Skincare Duo & Gua Sha,7304,40-50 ML,skin care combo
4.5,4500.0,Olay,Total Effects Cleanser 100g,212,90-100 ML,face wash and cleanser
,,DermaBay,0.3% Retinol Serum,560,20-30 ML,serum and gel
,,DermaBay,Set of 2 Anti-Aging Serum,1197,50-100 ML,serum and gel
4.6,98500.0,Ponds,Activated Charcoal Face Wash,268,150-200 ML,face wash and cleanser
4.5,1900.0,TNW the natural wash,Face Wash & Sunscreen Combo,559,Pack,skin care combo
,,VLCC,Facial & Pedicure-Manicure Set,700,Pack,skin care combo
4.5,1400.0,Jovees,Cucumber Skin Toner 200 ml,276,200-220 ML,toner
,,Rahul Phate Research Product,HydraAqua Brightening Gel 250g,1349,200-250gm,serum and gel
,,Rahul Phate Research Product,Tejo-Gold Moisturizing Gel 50g,499,200-250gm,serum and gel
,,Thalgo,Purete Marine Gel - 200 ml,3400,150-200 ML,face wash and cleanser
,,Rahul Phate Research Product,TejoGold Moisturizing Gel 200g,2399,200-250gm,serum and gel
,,Rahul Phate Research Product,Ulticare Beauty Serum -100 ml,1699,200-250gm,serum and gel
4.4,109.0,BRILLARE,Oil Away Face Wash-100ml,323,90-100 ML,face wash and cleanser
,,Rahul Phate Research Product,Tejasvini Skin Polish,560,Onesize,facial oil
4.0,5.0,THE SOUMI'S CAN PRODUCT,Green Coffee Scrubber & Serum,491,400 ML & Above,skin care combo
4.5,98000.0,Minimalist,Salicylic Face Wash- - 100 ml,284,90-100 ML,face wash and cleanser
,,NATURAL HEALTH & HERBAL PRODUCTS,Indigo Powder- Black,349,50-100gm,hair colour
4.8,9.0,Lotus Herbals,3-Pcs WhiteGlow Face Wash,720,Pack,face wash and cleanser
,,Aurrelis,Discovery Pack (6x8) 48ml,926,25-50 ML,perfume
4.5,60.0,Lotus Herbals,Whiteglow 2Pcs Face Wash,551,Pack,face wash and cleanser
4.5,94.0,THE SOUMI'S CAN PRODUCT,2-Pcs Olive Body Massage Oil,358,300 ML & Above,massage oils
3.7,19.0,FLiCKA,Lipstick - Twinkle Twinkle 01,435,4-5 ML,lipstick
4.5,6.0,Rahul Phate Research Product,Genta-Sensi Shampoo - 200ml,299,200-220 ML,shampoo
,,Bhartiye Products,Structured Handheld Bag,750,Onesize,handbags
4.4,668.0,OROSSENTIALS,Small Oval Wooden Hair Brush,432,Onesize,hair brush and comb
,,DONATO STYLING PRODUCTS,Saffron Oud Rosso EDP - 30 ml,1500,25-50 ML,perfume
,,DONATO STYLING PRODUCTS,Oud Rosso EDP - 10 ml,500,0-25 ML,perfume
4.5,300.0,KAMA AYURVEDA,Sustain Unisex Cleansing Foam 100 ml,2295,90-100 ML,face wash and cleanser
,,NATURAL HEALTH & HERBAL PRODUCTS,2P Natural Henna Leaves Powder,798,150-200gm,hair colour
,,NATURAL HEALTH & HERBAL PRODUCTS,Set Of 2 Henna Powder,798,300gm & Above,hair colour
4.3,14500.0,WOW SKIN SCIENCE,Face Wash with Built-In Brush,298,125-150 ML,face wash and cleanser
,,KOZICARE,Body Wash & Body Lotion Combo,489,Pack,bath and body combo
,,ROSA,Fruit Cream - 500 ml,280,300 ML & Above,day cream
4.2,6800.0,Renee,Set Of 4 Very Matte Lipsticks,473,0-2 ML,lipstick
,,Lush Naturals,3 Tea Tree Oil Natural Soaps,660,300 Gram,soap
4.4,1400.0,VLCC,Face Wash & Sunscreen Combo,667,Pack,skin care combo
4.5,1600.0,FAE BEAUTY,Lush Liquid Blush - Spicy 08,540,5-5.5 ML,blush
4.4,2200.0,VLCC,Face Wash & Sunscreen Combo,824,Pack,skin care combo
3.4,16.0,Menjewell,Premium Shahi Kewda Attar,346,10-15 ML,attar
3.9,617.0,Renee,Lipstick - Queen Bee S06,414,3.5-4 ML,lipstick
,,SEREKO,Daily Glow Facial Gift Set,2100,Pack,facial kit
3.5,74.0,PERPAA,Set of 4 Creamy Matte Lipstick,244,Pack,lipstick
4.5,51700.0,Minimalist,Salicylic Acid Face Serum 10ml,236,0-10 ML,serum and gel
3.3,37.0,PERPAA,Set of 4 Creamy Matte Lipstick,244,Pack,lipstick
3.2,42.0,PERPAA,Set of 4 Creamy Matte Lipstick,244,Pack,lipstick
4.4,1100.0,Quench,Cica Pimple Acne Patches-24Pcs,254,Pack,mask and peel
3.6,34.0,PERPAA,Set of 4 Creamy Matte Lipstick,244,Pack,lipstick
3.6,34.0,PERPAA,Set of 4 Creamy Matte Lipstick,244,Pack,lipstick
4.5,10100.0,LOreal Professionnel,XtensoCare Hair Serum- 50ml,795,30-50 ML,hair serum
3.3,56.0,PERPAA,Set of 4 Creamy Matte Lipstick,242,Pack,lipstick
3.4,268.0,PERPAA,Set of 4 Creamy Matte Lipstick,244,Pack,lipstick
4.5,4500.0,Olay,Total Effects Cleanser 100g,212,90-100 ML,face wash and cleanser
3.3,56.0,PERPAA,Set of 4 Creamy Matte Lipstick,274,Pack,lipstick
3.3,37.0,PERPAA,Set of 4 Creamy Matte Lipstick,244,Pack,lipstick
4.6,98500.0,Ponds,Activated Charcoal Face Wash,268,150-200 ML,face wash and cleanser
3.4,268.0,PERPAA,Set of 4 Creamy Matte Lipstick,238,Pack,lipstick
3.3,37.0,PERPAA,Set of 4 Creamy Matte Lipstick,244,Pack,lipstick
4.5,1400.0,Jovees,Cucumber Skin Toner 200 ml,276,200-220 ML,toner
3.6,34.0,PERPAA,Set of 4 Creamy Matte Lipstick,244,Pack,lipstick
3.6,34.0,PERPAA,Set of 4 Creamy Matte Lipstick,238,Pack,lipstick
,,Thalgo,Purete Marine Gel - 200 ml,3400,150-200 ML,face wash and cleanser
3.5,74.0,PERPAA,Set of 4 Creamy Matte Lipstick,244,Pack,lipstick
3.4,268.0,PERPAA,Set of 4 Creamy Matte Lipstick,244,Pack,lipstick
4.4,109.0,BRILLARE,Oil Away Face Wash-100ml,323,90-100 ML,face wash and cleanser
,,La Pink,3Pcs Face Wash-Scrub-Day Cream,740,Pack,skin care combo
,,La Pink,Face Wash & Face Scrub,467,Pack,skin care combo
4.5,98000.0,Minimalist,Salicylic Face Wash- - 100 ml,284,90-100 ML,face wash and cleanser
,,La Pink,2 Pcs Face Wash & Night Cream,605,Pack,skin care combo
,,La Pink,Face Wash & Face Toner,467,Pack,skin care combo
,,Aurrelis,Discovery Pack (6x8) 48ml,926,25-50 ML,perfume
,,FEELHIGH,Set of Face & Foot Scrub,498,500 ML & Above,body scrub and exfoliator
,,Mantra Herbal,Glowing Face Gel - 100ml,1150,Onesize,serum and gel
3.7,19.0,FLiCKA,Lipstick - Twinkle Twinkle 01,435,4-5 ML,lipstick
,,Bhartiye Products,Structured Handheld Bag,750,Onesize,handbags
4.5,54.0,TNW the natural wash,Set of 2 Sun Defence Sunscreen,700,40-50 ML,face sunscreen
4.4,668.0,OROSSENTIALS,Small Oval Wooden Hair Brush,432,Onesize,hair brush and comb
,,Menjewell,Golden Musk Floral Attar - 9ml,460,5-10 ML,attar
3.6,187.0,PERPAA,Set Of 2 Lipstick 100gm,347,Pack,lipstick
4.5,300.0,KAMA AYURVEDA,Sustain Unisex Cleansing Foam 100 ml,2295,90-100 ML,face wash and cleanser
,,Khadi Organique,Set Of 6 Saffron Soap,594,M,soap
,,Khadi Organique,Set Of 4 Mix Fruit Soap,440,M,soap
4.3,14500.0,WOW SKIN SCIENCE,Face Wash with Built-In Brush,298,125-150 ML,face wash and cleanser
,,Khadi Organique,Set of 5 Mix Fruit Handmade Soap with Essential Oils 125 g (Each),550,M,soap
,,Khadi Organique,Set of 8 Saffron Handmade Soap with Essential Oils 125 g (Each),792,M,soap
4.2,6800.0,Renee,Set Of 4 Very Matte Lipsticks,473,0-2 ML,lipstick
,,Ancient Living Products Pvt Ltd,Ashta Dasa Hair Oil 100ml,525,100ML,hair oil
,,MasKing,Set of 3 Facial Sheet Masks,397,Pack,mask and peel
4.5,1600.0,FAE BEAUTY,Lush Liquid Blush - Spicy 08,540,5-5.5 ML,blush
3.9,9.0,COROnation Herbal,Vitamin C Body Wash - 300ml,207,250-300 ML,body wash and shower gel
3.9,9.0,COROnation Herbal,Set of 2 Vitamin C Body Wash,309,Pack,body wash and shower gel
3.9,617.0,Renee,Lipstick - Queen Bee S06,414,3.5-4 ML,lipstick
,,Kaina skincare,Ubtan Body Gel - 100 g,399,50-100 ML,serum and gel
,,NatureNova Herbals,Hair Care Kit - 515ml,918,Pack,hair care gift set
4.5,51700.0,Minimalist,Salicylic Acid Face Serum 10ml,236,0-10 ML,serum and gel
,,NatureNova Herbals,Hair Care Kit - 415ml,783,Pack,hair care gift set
,,NatureNova Herbals,Hair Care Kit - 515ml,1044,Pack,hair care gift set
4.4,1100.0,Quench,Cica Pimple Acne Patches-24Pcs,254,Pack,mask and peel
,,NatureNova Herbals,Hair Care Kit - 415ml,909,Pack,hair care gift set
4.4,11.0,TRUNEXT,Onion Black Seed Hair Mask,447,180-200 ML,hair masks
4.5,10100.0,LOreal Professionnel,XtensoCare Hair Serum- 50ml,795,30-50 ML,hair serum
,,NatureNova Herbals,Softening & Shining Fruit Conditioner 115 ml,235,100-150 ML,conditioner
4.3,68.0,DeBelle,Set of 2 Gel Nail Polish,499,15-20 ML,nail polish
4.5,4500.0,Olay,Total Effects Cleanser 100g,212,90-100 ML,face wash and cleanser
4.3,8.0,NEWISH,Cold Pressed Castor Oil,898,400ML,hair oil
,,THE SOUMI'S CAN PRODUCT,2Pc Anti Wrinkle Serums,228,150-200 ML,serum and gel
4.6,98500.0,Ponds,Activated Charcoal Face Wash,268,150-200 ML,face wash and cleanser
,,THE SOUMI'S CAN PRODUCT,2pc Milk Mask&AntiWrinkleCream,450,90-100 ML,skin care combo
,,THE SOUMI'S CAN PRODUCT,Scrubber & Moisturizing Cream,391,90-100 ML,skin care combo
4.5,1400.0,Jovees,Cucumber Skin Toner 200 ml,276,200-220 ML,toner
4.4,10.0,Globus naturals,Set Of 3 Skin Care Combo,989,280-300 ML,skin care combo
4.8,13.0,Nourish Mantra,Set of 3 Hair Finishing Stick,1047,Pack,hair gels and wax
,,Thalgo,Purete Marine Gel - 200 ml,3400,150-200 ML,face wash and cleanser
4.5,10100.0,Lakme,Face It Blush-Flushed Pink B2,200,4-4.5 ML,blush
4.5,10100.0,Lakme,Face It Blush-Perfect Plum B3,200,4-4.5 ML,blush
